INSERT INTO Department (Name) VALUES
	('Mathematics'),
	('Computer Science');

INSERT INTO Professor (eID, SSN, Name, hire_date, Email, dName) VALUES
	('100001', '2480', 'Lisa', '2002-06-24', 'lisa', 'Mathematics'),
	('100002', '2341', 'John', '2000-09-17', 'john', 'Mathematics'),
	('100003', '2567', 'Mike', '1999-05-08', 'mike', 'Mathematics'),
	('100003', '4567', 'Ben', '2001-08-14', 'ben', 'Mathematics'),
	('100004', '3548', 'Will', '2003-02-09', 'will', 'Mathematics'),
	('100005', '5678', 'Bill', '1997-12-29', 'bill', 'Mathematics'),
	('100006', '9987', 'Charlie', '2001-01-01', 'charlie', 'Mathematics'),
	('100007', '1245', 'Tommy', '2002-03-20', 'tommy', 'Mathematics'),
	('100008', '3478', 'Amy', '2000-11-12', 'amy', 'Computer Science'),
	('100009', '5691', 'Erin', '2003-07-16', 'erin', 'Computer Science'),
	('100010', '8721', 'Taylor', '1996-09-30', 'taylor', 'Computer Science'),
	('100011', '1123', 'May', '2001-04-05', 'may', 'Computer Science'),
	('100012', '5466', 'Sara', '1999-11-01', 'sara', 'Computer Science'),
	('100013', '4355', 'Julie', '2003-06-15', 'julie', 'Computer Science'),
	('100014', '8742', 'Ben', '2000-08-28', 'ben', 'Computer Science'),
	('100015', '5880', 'Bill', '1995-05-23', 'bill', 'Computer Science');
    
INSERT INTO Student (sID, Name, bDay, email, SSN, advisorID, Address) VALUES
	('2000001', 'Matthew', '2002-06-24', 'matthew', '2468', '100020', '10 15th Street NW'),
	('2000002', 'Victoria', '2000-09-17', 'victoria', '9763', '100020', '22 14th Street SE'),
	('2000003', 'Owen', '1999-05-08', 'owen', '5839', '100020', '11 15th Street NW'),
	('2000004', 'Zoey', '2001-08-14', 'zoey', '3057', '100020', '23 14th Street SE'),
	('2000005', 'Joseph', '2003-02-09', 'joseph', '1289', '100020', '12 15th Street NW'),
	('2000006', 'Penelope', '1997-12-29', 'penelope', '5093', '100020', '24 14th Street SE'),
	('2000007', 'Henry', '2001-01-01', 'henry', '7126', '100020', '13 15th Street NW'),
	('2000008', 'Lila', '2002-03-20', 'lila', '7642', '100020', '25 14th Street SE'),
	('2000009', 'Leo', '2000-11-12', 'leo', '6321', '100021', '14 15th Street NW'),
	('2000010', 'Levi', '2003-07-16', 'levi', '8954', '100021', '26 14th Street SE'),
	('2000011', 'Eleanor', '1996-09-30', 'eleanor', '2716', '100021', '15 15th Street NW'),
	('2000012', 'Wyatt', '2001-04-05', 'wyatt', '4871', '100021', '27 14th Street SE'),
	('2000013', 'Stella', '1999-11-01', 'stella', '3406', '100021', '16 15th Street NW'),
	('2000014', 'Caleb', '2003-06-15', 'caleb', '7154', '100021', '28 14th Street SE'),
	('2000015', 'Maya', '2000-08-28', 'maya', '9236', '100021', '17 15th Street NW'),
	('2000016', 'Julian', '1995-05-23', 'julian', '4137', '100022', '29 14th Street SE'),
	('2000017', 'Hannah', '2003-03-06', 'hannah', '7512', '100022', '18 15th Street NW'),
	('2000018', 'Ryan', '2002-12-31', 'ryan', '6104', '100022', '30 14th Street SE'),
	('2000019', 'Addison', '1997-01-20', 'addison', '4389', '100022', '19 15th Street NW'),
	('2000020', 'Isaac', '2000-07-11', 'isaac', '1829', '100022', '31 14th Street SE'),
	('2000021', 'Levi', '2001-10-17', 'levi', '7593', '100022', '20 15th Street NW'),
	('2000022', 'Eleanor', '1999-02-14', 'eleanor', '5413', '100022', '32 14th Street SE'),
	('2000023', 'Wyatt', '2002-04-12', 'wyatt', '3691', '100022', '21 15th Street NW'),
	('2000024', 'Stella', '1998-11-05', 'stella', '8207', '100022', '33 14th Street SE'),
	('2000025', 'Caleb', '1995-09-07', 'caleb', '6231', '100022', '22 15th Street NW'),
	('2000026', 'Maya', '2000-05-10', 'maya', '4019', '100023', '34 14th Street SE'),
	('2000027', 'Julian', '1995-06-08', 'julian', '2975', '100023', '23 15th Street NW'),
	('2000028', 'Hannah', '2000-08-18', 'hannah', '8705', '100023', '35 14th Street SE'),
	('2000029', 'Ryan', '1997-01-25', 'ryan', '9305', '100023', '24 15th Street NW'),
	('2000030', 'Addison', '2002-04-28', 'addison', '1763', '100023', '36 14th Street SE'),
	('2000031', 'Isaac', '2001-07-02', 'isaac', '5820', '100023', '25 15th Street NW'),
	('2000032', 'Alexander', '1999-11-23', 'alexander', '6247', '100023', '37 14th Street SE'),
	('2000033', 'Grace', '1997-02-27', 'grace', '8045', '100023', '26 15th Street NW'),
	('2000034', 'Samuel', '2000-12-22', 'samuel', '3690', '100023', '38 14th Street SE'),
	('2000035', 'Chloe', '1999-06-19', 'chloe', '2598', '100023', '27 15th Street NW'),
	('2000036', 'Daniel', '2001-10-07', 'daniel', '1092', '100023', '39 14th Street SE'),
	('2000037', 'Scarlett', '2002-03-15', 'scarlett', '9760', '100023', '28 15th Street NW'),
	('2000038', 'Matthew', '2002-01-12', 'matthew', '5831', '100024', '40 14th Street SE'),
	('2000039', 'Victoria', '2001-04-16', 'victoria', '4907', '100024', '29 15th Street NW'),
	('2000040', 'Owen', '1999-09-22', 'owen', '7653', '100024', '41 14th Street SE'),
	('2000041', 'Zoey', '1996-02-03', 'zoey', '6213', '100024', '30 15th Street NW'),
	('2000042', 'Joseph', '2002-11-14', 'joseph', '8453', '100024', '42 14th Street SE'),
	('2000043', 'Penelope', '2000-08-11', 'penelope', '3947', '100024', '31 15th Street NW'),
	('2000044', 'Henry', '2003-05-01', 'henry', '9615', '100024', '43 14th Street SE'),
	('2000045', 'Lila', '1996-07-27', 'lila', '5301', '100024', '32 15th Street NW'),
	('2000046', 'Leo', '1999-04-24', 'leo', '2675', '100024', '44 14th Street SE'),
	('2000047', 'Audrey', '2001-12-08', 'audrey', '7492', '100024', '33 15th Street NW'),
	('2000048', 'Gabriel', '2000-03-12', 'gabriel', '4806', '100025', '45 14th Street SE'),
	('2000049', 'Lily', '1998-09-21', 'lily', '6492', '100025', '34 15th Street NW'),
	('2000050', 'Levi', '2001-06-17', 'levi', '5304', '100025', '46 14th Street SE'),
	('2000051', 'Eleanor', '1997-10-25', 'eleanor', '6531', '100025', '35 15th Street NW'),
	('2000052', 'Wyatt', '2000-01-09', 'wyatt', '7592', '100025', '47 14th Street SE'),
	('2000053', 'Stella', '2002-12-05', 'stella', '4958', '100025', '36 15th Street NW'),
	('2000054', 'Caleb', '1995-05-26', 'caleb', '1234', '100025', '48 14th Street SE'),
	('2000055', 'Maya', '1997-03-18', 'maya', '8743', '100025', '37 15th Street NW'),
	('2000056', 'Julian', '2000-02-10', 'julian', '9637', '100025', '49 14th Street SE'),
	('2000057', 'Hannah', '1995-09-11', 'hannah', '5826', '100025', '38 15th Street NW'),
	('2000058', 'Ryan', '1998-08-08', 'ryan', '6890', '100025', '50 14th Street SE'),
	('2000059', 'Addison', '1999-11-08', 'addison', '2468', '100026', '39 15th Street NW'),
	('2000060', 'Isaac', '1995-07-08', 'isaac', '5217', '100026', '51 14th Street SE'),
	('2000061', 'Ava', '2002-01-22', 'ava', '7845', '100026', '40 15th Street NW'),
	('2000062', 'Adam', '1999-06-09', 'adam', '9672', '100026', '52 14th Street SE'),
	('2000063', 'Caroline', '2001-10-15', 'caroline', '4316', '100026', '41 15th Street NW'),
	('2000064', 'David', '1998-05-11', 'david', '2957', '100026', '53 14th Street SE'),
	('2000065', 'Leah', '1997-12-26', 'leah', '6785', '100026', '42 15th Street NW'),
	('2000066', 'Nathan', '2000-03-24', 'nathan', '3158', '100026', '54 14th Street SE'),
	('2000067', 'Ruby', '1995-07-29', 'ruby', '8764', '100026', '43 15th Street NW'),
	('2000068', 'Isaac', '2001-11-16', 'isaac', '4391', '100027', '55 14th Street SE'),
	('2000069', 'Gabriella', '2002-06-26', 'gabriella', '5876', '100027', '44 15th Street NW'),
	('2000070', 'Tyler', '2000-09-15', 'tyler', '9254', '100027', '56 14th Street SE'),
	('2000071', 'Claire', '1995-08-09', 'claire', '3678', '100027', '45 15th Street NW'),
	('2000072', 'Dylan', '1999-01-29', 'dylan', '7105', '100027', '57 14th Street SE'),
	('2000073', 'Mia', '2000-10-04', 'mia', '8526', '100027', '46 15th Street NW'),
	('2000074', 'Carson', '2003-05-30', 'carson', '3985', '100027', '58 14th Street SE'),
	('2000075', 'Layla', '2003-02-09', 'layla', '1062', '100027', '47 15th Street NW'),
	('2000076', 'Cooper', '1997-12-29', 'cooper', '9372', '100027', '59 14th Street SE'),
	('2000077', 'Sadie', '2001-01-01', 'sadie', '5893', '100028', '48 15th Street NW'),
	('2000078', 'Noah', '2002-03-20', 'noah', '2507', '100028', '60 14th Street SE'),
	('2000079', 'Autumn', '2000-11-12', 'autumn', '4931', '100028', '49 15th Street NW'),
	('2000080', 'Caleb', '2003-07-16', 'caleb', '7268', '100028', '61 14th Street SE'),
	('2000081', 'Ruby', '1996-09-30', 'ruby', '5190', '100028', '50 15th Street NW'),
	('2000082', 'Isaac', '2001-04-05', 'isaac', '8617', '100028', '62 14th Street SE'),
	('2000083', 'Gabriella', '1999-11-01', 'gabriella', '3156', '100028', '51 15th Street NW'),
	('2000084', 'Tyler', '2003-06-15', 'tyler', '6702', '100028', '63 14th Street SE'),
	('2000085', 'Claire', '2000-08-28', 'claire', '4128', '100028', '52 15th Street NW'),
	('2000086', 'Dylan', '1995-05-23', 'dylan', '9754', '100028', '64 14th Street SE'),
	('2000087', 'Mia', '2003-03-06', 'mia', '1845', '100028', '53 15th Street NW'),
	('2000088', 'Carson', '2002-12-31', 'carson', '5478', '100028', '65 14th Street SE');

INSERT INTO Advisor (EID, SSN, Name, Email) VALUES
	('100020', '1234', 'Henry', 'henry'),
	('100021', '5678', 'Olivia', 'olivia'),
	('100022', '9012', 'Ethan', 'ethan'),
	('100023', '3456', 'Sophia', 'sophia'),
	('100024', '7890', 'Liam', 'liam'),
	('100025', '1645', 'Ava', 'ava'),
	('100026', '4581', 'Benjamin', 'benjamin'),
	('100027', '3598', 'Emma', 'emma'),
	('100028', '1524', 'Noah', 'noah');

INSERT INTO Amenity (Name, Address, M_EID) VALUES
	('Amenity 1', '10 15th Street NW', '100041'),
	('Amenity 2', '22 14th Street SE', '100042');
    
INSERT INTO Assist (sID, PName) VALUES
	('2000047', 'School course database'),
	('2000054', 'School course database'),
	('2000012', 'Math theory'),
	('2000024', 'Math theory'),
	('2000048', 'Network routing'),
	('2000067', 'Network routing'),
	('2000055', 'Network routing');

INSERT INTO Attends (sID, secNum) VALUES
	('2000001', '1'),
	('2000002', '2'),
	('2000003', '3'),
	('2000004', '4'),
	('2000005', '5'),
	('2000006', '6'),
	('2000007', '7'),
	('2000008', '8'),
	('2000009', '9'),
	('2000010', '10'),
	('2000011', '11'),
	('2000012', '12'),
	('2000013', '13'),
	('2000014', '14'),
	('2000015', '15'),
	('2000016', '16'),
	('2000017', '17'),
	('2000018', '18'),
	('2000019', '19'),
	('2000020', '20'),
	('2000021', '21'),
	('2000022', '22'),
	('2000023', '23'),
	('2000024', '24'),
	('2000025', '25'),
	('2000026', '26'),
	('2000027', '27'),
	('2000028', '28'),
	('2000029', '29'),
	('2000030', '30'),
	('2000031', '31'),
	('2000032', '32'),
	('2000033', '33'),
	('2000034', '34'),
	('2000035', '35'),
	('2000036', '36'),
	('2000037', '37'),
	('2000038', '38'),
	('2000039', '39'),
	('2000040', '40'),
	('2000041', '41'),
	('2000042', '42'),
	('2000043', '43'),
	('2000044', '44'),
	('2000045', '45'),
	('2000046', '46'),
	('2000047', '47'),
	('2000048', '48'),
	('2000049', '49'),
	('2000050', '50'),
	('2000051', '51'),
	('2000052', '52'),
	('2000053', '53'),
	('2000054', '54'),
	('2000055', '55'),
	('2000056', '56'),
	('2000057', '57'),
	('2000058', '58'),
	('2000059', '59'),
	('2000060', '60'),
	('2000061', '61'),
	('2000062', '62'),
	('2000063', '63'),
	('2000064', '1'),
	('2000065', '2'),
	('2000066', '3'),
	('2000067', '4'),
	('2000068', '5'),
	('2000069', '6'),
	('2000070', '7'),
	('2000071', '8'),
	('2000072', '9'),
	('2000073', '10'),
	('2000074', '11'),
	('2000075', '12'),
	('2000076', '13'),
	('2000077', '14'),
	('2000078', '15'),
	('2000079', '16'),
	('2000080', '17'),
	('2000081', '18'),
	('2000082', '19'),
	('2000083', '20'),
	('2000084', '21'),
	('2000085', '22'),
	('2000086', '23'),
	('2000087', '24'),
	('2000088', '25');

INSERT INTO Club (Name, Description, Budget, president, sponsor, dName, Funds) VALUES
	('Computer Club', 'where students discuss topic in computer science and have guest speakers from the industry', '2000', '2000036', '100011', 'Computer Science', '100'),
	('Math Club', 'where student pratice speed math and discuss theoratical problems in math', '2300', '2000012', '100004', 'Mathematics', '200'),
	('Girls Who Code', '"women who are in computer science major, invite female guest speaker from the industry"', '1500', '2000015', '100012', 'Computer Science', '300'),
	('Puzzle Club', 'where students get together and solve all kinds of puzzles', '1200', '2000055', '100006', 'Mathematics', '400');

INSERT INTO Course (CRN, name, cNum, Time, location, dName) VALUES
	('1111', 'Algebra I', 'MATH1001', '8:00:00 - 10:00', 'Building 1', 'Mathematics'),
	('1112', 'Algebra II', 'MATH1002', '8:00:00 - 10:00', 'Building 1', 'Mathematics'),
	('1113', 'Advance Algebra', 'MATH 1003', '10:00 - 12:00', 'Building 1', 'Mathematics'),
	('1114', 'Calculus I', 'MATH 2001', '10:00-11:45', 'Building 3', 'Mathematics'),
	('1115', 'Calculus II', 'MATH 2002', '2:30 - 4:00', 'Building 2', 'Mathematics'),
	('1116', 'Advance Calculus', 'MATH 2003', '2:30 - 4:00', 'Building 2', 'Mathematics'),
	('1117', 'Linear Algebra', 'MATH 3001', '10:00 - 12:00', 'Building 2', 'Mathematics'),
	('1118', 'Probability & Statistic', 'MATH 3002', '12:30 - 2:00', 'Building 3', 'Mathematics'),
	('1119', 'Basic Programming I', 'CS 1001', '12:45 - 2:30', 'Building 3', 'Computer Science'),
	('1120', 'Basic Programming II', 'CS 1002', '2: 00 - 3:30', 'Building 5', 'Computer Science'),
	('1121', 'Advance Programming', 'CS 1003', '8:00 - 10:00', 'Building 2', 'Computer Science'),
	('1122', 'Data Structure', 'CS 2001', '10:00 - 12:00', 'Building 4', 'Computer Science'),
	('1123', 'System Level Programming', 'CS 2002', '12:45 - 2:30', 'Building 4', 'Computer Science'),
	('1124', 'Algorithm', 'CS 3001', '2:30 - 4:00', 'Building 2', 'Computer Science'),
	('1125', 'Software Engineering', 'CS 3002', '2:30 - 4:00', 'Building 3', 'Computer Science'),
	('1126', 'Database System', 'CS 4001', '10:00 - 12:00', 'Building 5', 'Computer Science'),
	('1127', 'Computer Network', 'CS 4002', '8:00 - 10:00', 'Building 5', 'Computer Science'),
	('1128', 'Fundamental of Cybersecurity', 'CS 4003', '10:00 - 12:00', 'Building 2', 'Computer Science'),
	('1129', 'Fundamental of Data Science', 'CS 4004', '12:45 - 2:30', 'Building 6', 'Computer Science'),
	('1130', 'Network Security', 'CS 4005', '2: 00 - 3:30', 'Building 6', 'Computer Science');

INSERT INTO Manage (c_Name, sID) VALUES
	('Computer Club', '2000010'),
	('Computer Club', '2000040'),
	('Computer Club', '2000008'),
	('Math Club', '2000034'),
	('Math Club', '2000001'),
	('Girls Who Code', '2000008'),
	('Girls Who Code', '2000045'),
	('Puzzle Club', '2000033'),
	('Puzzle Club', '2000003'),
	('Puzzle Club', '2000005');

INSERT INTO Part_Of (cName, sID) VALUES
	('Computer Club', '2000008'),
	('Computer Club', '2000044'),
	('Computer Club', '2000034'),
	('Computer Club', '2000021'),
	('Computer Club', '2000011'),
	('Math Club', '2000032'),
	('Math Club', '2000007'),
	('Math Club', '2000009'),
	('Math Club', '2000018'),
	('Girls Who Code', '2000014'),
	('Girls Who Code', '2000008'),
	('Girls Who Code', '2000010'),
	('Girls Who Code', '2000022'),
	('Puzzle Club', '2000034'),
	('Puzzle Club', '2000010'),
	('Puzzle Club', '2000055'),
	('Puzzle Club', '2000049');

INSERT INTO Project (Name, Description, pLead) VALUES
	('School course database', 'implement a database storing all the course inforation', '100011'),
	('Network routing', 'implement router setup for the school network', '100014'),
	('Math theory', 'testing newly published math theory', '100003');

INSERT INTO TA (sID, Office_Hours, Location) VALUES
	('2000001', 'Mon 10:00-11:00', 'Building 1'),
	('2000002', 'Thu 10:00 - 11:00', 'Building 2'),
	('2000003', 'Mon 1:00 - 2:00', 'Building 1'),
	('2000004', 'Fri 9:00-10:00', 'Building 3'),
	('2000005', 'Tue:11:00-12:00', 'Building 4'),
	('2000006', 'Mon 1:00 - 2:00', 'Building 1'),
	('2000007', 'Mon 1:00 - 2:00', 'Building 6'),
	('2000008', 'Wed 2:00 - 3:00', 'Building 1'),
	('2000009', 'Tue 1:00 - 2:00', 'Building 2'),
	('2000010', 'Wed 2:00 - 3:00', 'Building 5'),
	('2000011', 'Tue 1:00 - 2:00', 'Building 6'),
	('2000012', 'Mon 3:00 - 4:00', 'Building 4'),
	('2000013', 'Fri 11:00 - 12:00', 'Building 2'),
	('2000014', 'Thu 10:00 - 11:00', 'Building 6'),
	('2000015', 'Tue 1:00 - 2:00', 'Building 1'),
	('2000016', 'Fri 11:00 - 12:00', 'Building 2'),
	('2000017', 'Fri 9:00-10:00', 'Building 3'),
	('2000018', 'Wed 2:00 - 3:00', 'Building 2'),
	('2000019', 'Tue 1:00 - 2:00', 'Building 3'),
	('2000020', 'Wed 2:00 - 3:00', 'Building 4'),
	('2000021', 'Mon 10:00-11:00', 'Building 1'),
	('2000022', 'Tue 1:00 - 2:00', 'Building 5'),
	('2000023', 'Wed 2:00 - 3:00', 'Building 2'),
	('2000024', 'Mon 1:00 - 2:00', 'Building 4'),
	('2000025', 'Tue 1:00 - 2:00', 'Building 6'),
	('2000026', 'Tue 1:00 - 2:00', 'Building 5'),
	('2000027', 'Mon 10:00-11:00', 'Building 6'),
	('2000028', 'Fri 11:00 - 12:00', 'Building 4'),
	('2000029', 'Wed 2:00 - 3:00', 'Building 6'),
	('2000030', 'Tue 1:00 - 2:00', 'Building 1'),
	('2000031', 'Mon 1:00 - 2:00', 'Building 2'),
	('2000032', 'Mon 3:00 - 4:00', 'Building 3'),
	('2000033', 'Fri 9:00-10:00', 'Building 2'),
	('2000034', 'Mon 10:00-11:00', 'Building 3'),
	('2000035', 'Mon 1:00 - 2:00', 'Building 4'),
	('2000036', 'Fri 9:00-10:00', 'Building 1'),
	('2000037', 'Fri 11:00 - 12:00', 'Building 5'),
	('2000038', 'Tue 1:00 - 2:00', 'Building 2'),
	('2000039', 'Fri 9:00-10:00', 'Building 4'),
	('2000040', 'Tue 1:00 - 2:00', 'Building 6'),
	('2000041', 'Wed 2:00 - 3:00', 'Building 5'),
	('2000042', 'Thu 10:00 - 11:00', 'Building 6'),
	('2000043', 'Fri 9:00-10:00', 'Building 4'),
	('2000044', 'Mon 1:00 - 2:00', 'Building 4'),
	('2000045', 'Thu 10:00 - 11:00', 'Building 1'),
	('2000046', 'Tue 1:00 - 2:00', 'Building 6'),
	('2000047', 'Wed 2:00 - 3:00', 'Building 1'),
	('2000048', 'Thu 10:00 - 11:00', 'Building 2'),
	('2000049', 'Fri 9:00-10:00', 'Building 5'),
	('2000050', 'Mon 10:00-11:00', 'Building 6'),
	('2000051', 'Mon 1:00 - 2:00', 'Building 4'),
	('2000052', 'Fri 9:00-10:00', 'Building 2'),
	('2000053', 'Fri 11:00 - 12:00', 'Building 6'),
	('2000054', 'Tue 1:00 - 2:00', 'Building 1'),
	('2000055', 'Fri 9:00-10:00', 'Building 2'),
	('2000056', 'Tue 1:00 - 2:00', 'Building 3'),
	('2000057', 'Wed 2:00 - 3:00', 'Building 2'),
	('2000058', 'Thu 10:00 - 11:00', 'Building 3'),
	('2000059', 'Fri 9:00-10:00', 'Building 4'),
	('2000060', 'Mon 1:00 - 2:00', 'Building 1'),
	('2000061', 'Thu 10:00 - 11:00', 'Building 2'),
	('2000062', 'Tue 1:00 - 2:00', 'Building 3'),
	('2000063', 'Wed 2:00 - 3:00', 'Building 4');

INSERT INTO Reserve (cName, aName, Room, time) VALUES
	('Computer Club', 'Amenity 1', '100', '7/7/2023'),
	('Computer Club', 'Amenity 2', '100', '7/8/2023'),
	('Math Club', 'Amenity 2', '200', '7/7/2023'),
	('Girls Who Code', 'Amenity 1', '100', '6/7/2023'),
	('Girls Who Code', 'Amenity 2', '100', '6/12/2023'),
	('Puzzle Club', 'Amenity 1', '200', '6/5/2023');

INSERT INTO Section (sNum, CRN, TA) VALUES
	('1', '1111', '2000001'),
	('2', '1111', '2000002'),
	('3', '1111', '2000003'),
	('1', '1112', '2000004'),
	('2', '1112', '2000005'),
	('3', '1112', '2000006'),
	('1', '1113', '2000007'),
	('2', '1113', '2000008'),
	('3', '1113', '2000009'),
	('1', '1114', '2000010'),
	('2', '1114', '2000011'),
	('3', '1114', '2000012'),
	('1', '1115', '2000013'),
	('2', '1115', '2000014'),
	('3', '1115', '2000015'),
	('4', '1115', '2000016'),
	('1', '1116', '2000017'),
	('2', '1116', '2000018'),
	('3', '1116', '2000019'),
	('1', '1117', '2000020'),
	('2', '1117', '2000021'),
	('3', '1117', '2000022'),
	('4', '1117', '2000023'),
	('1', '1118', '2000024'),
	('2', '1118', '2000025'),
	('3', '1118', '2000026'),
	('1', '1119', '2000027'),
	('2', '1119', '2000028'),
	('3', '1119', '2000029'),
	('1', '1120', '2000030'),
	('2', '1120', '2000031'),
	('3', '1120', '2000032'),
	('1', '1121', '2000033'),
	('2', '1121', '2000034'),
	('3', '1121', '2000035'),
	('1', '1122', '2000036'),
	('2', '1122', '2000037'),
	('3', '1122', '2000038'),
	('1', '1123', '2000039'),
	('2', '1123', '2000040'),
	('3', '1123', '2000041'),
	('4', '1123', '2000042'),
	('1', '1124', '2000043'),
	('2', '1124', '2000044'),
	('3', '1124', '2000045'),
	('1', '1125', '2000046'),
	('2', '1125', '2000047'),
	('3', '1125', '2000048'),
	('1', '1126', '2000049'),
	('2', '1126', '2000050'),
	('3', '1126', '2000051'),
	('1', '1127', '2000052'),
	('2', '1127', '2000053'),
	('3', '1127', '2000054'),
	('1', '1128', '2000055'),
	('2', '1128', '2000056'),
	('3', '1128', '2000057'),
	('1', '1129', '2000058'),
	('2', '1129', '2000059'),
	('3', '1129', '2000060'),
	('1', '1130', '2000061'),
	('2', '1130', '2000062'),
	('3', '1130', '2000063');

INSERT INTO Staff (eID, Salary, Name, Email) VALUES
	('100030', '3456', 'Isaac', 'isaac'),
	('100031', '526215', 'Ava', 'ava'),
	('100032', '1561', 'Adam', 'adam'),
	('100033', '1951', 'Caroline', 'caroline'),
	('100034', '51951', 'David', 'david'),
	('100035', '2592', 'Leah', 'leah'),
	('100036', '91', 'Nathan', 'nathan'),
	('100037', '123132', 'Ruby', 'ruby'),
	('100038', '43576', 'Isaac', 'isaac'),
	('100039', '5674', 'Gabriella', 'gabriella'),
	('100040', '324635', 'Tyler', 'tyler'),
	('100041', '7674', 'Claire', 'claire'),
	('100042', '324466', 'Dylan', 'dylan'),
	('100043', '3254345', 'Mia', 'mia'),
	('100044', '32542543', 'Carson', 'carson'),
	('100045', '65323', 'Layla', 'layla'),
	('100046', '132879', 'Cooper', 'cooper');

INSERT INTO Teaches (eID, CRN) VALUES
	('100001', '1111'),
	('100003', '1111'),
	('100002', '1112'),
	('100003', '1112'),
	('100003', '1113'),
	('100005', '1114'),
	('100003', '1114'),
	('100004', '1115'),
	('100005', '1116'),
	('100006', '1117'),
	('100007', '1118'),
	('100008', '1119'),
	('100009', '1120'),
	('100008', '1121'),
	('100010', '1121'),
	('100011', '1122'),
	('100013', '1122'),
	('100012', '1123'),
	('100013', '1124'),
	('100014', '1125'),
	('100009', '1126'),
	('100001', '1127'),
	('100015', '1128'),
	('100012', '1129'),
	('100009', '1130');

INSERT INTO Student_Staff (sID, eID) VALUES
	('2000060', '100030'),
	('2000061', '100031'),
	('2000062', '100032'),
	('2000063', '100033'),
	('2000064', '100034'),
	('2000065', '100035'),
	('2000066', '100036'),
	('2000067', '100037'),
	('2000068', '100038'),
	('2000069', '100039'),
	('2000070', '100040'),
	('2000071', '100041'),
	('2000072', '100042'),
	('2000073', '100043'),
	('2000074', '100044'),
	('2000075', '100045'),
	('2000076', '100046');